{
	"credit": "Made by DinoBrik",
	"texture_size": [32, 32],
	"textures": {
		"1": "item/bottle_vodka_liquid",
		"2": "item/bottle_vodka_glass",
		"3": "item/dino_skull",
		"particle": "item/bottle_vodka_glass"
	},
	"elements": [
		{
			"from": [11, -0.5, 5.75],
			"to": [11, 10, 10.25],
			"rotation": {"angle": 0, "axis": "y", "origin": [11, 0, 9.75]},
			"faces": {
				"north": {"uv": [0, 0, 0, 4.5], "texture": "#missing"},
				"east": {"uv": [4, 0, 1.5, 6], "texture": "#3"},
				"south": {"uv": [0, 0, 0, 4.5], "texture": "#missing"},
				"west": {"uv": [4, 0, 1.5, 6], "texture": "#3"},
				"up": {"uv": [0, 0, 3, 0], "rotation": 90, "texture": "#missing"},
				"down": {"uv": [0, 0, 3, 0], "rotation": 270, "texture": "#missing"}
			}
		},
		{
			"from": [4, -0.5, 5.75],
			"to": [11, -0.5, 10.25],
			"rotation": {"angle": 0, "axis": "y", "origin": [4, 0, 9.75]},
			"faces": {
				"north": {"uv": [0, 0, 0, 4.5], "texture": "#missing"},
				"east": {"uv": [10.5, 0, 8, 6], "texture": "#3"},
				"south": {"uv": [0, 0, 0, 4.5], "texture": "#missing"},
				"west": {"uv": [10.5, 0, 8, 6], "texture": "#3"},
				"up": {"uv": [4, 6, 8, 8], "rotation": 180, "texture": "#3"},
				"down": {"uv": [4, 6, 8, 8], "rotation": 180, "texture": "#3"}
			}
		},
		{
			"from": [4, -0.5, 5.75],
			"to": [4, 10, 10.25],
			"rotation": {"angle": 0, "axis": "y", "origin": [4, 0, 9.75]},
			"faces": {
				"north": {"uv": [0, 0, 0, 4.5], "texture": "#missing"},
				"east": {"uv": [10.5, 0, 8, 6], "texture": "#3"},
				"south": {"uv": [0, 0, 0, 4.5], "texture": "#missing"},
				"west": {"uv": [10.5, 0, 8, 6], "texture": "#3"},
				"up": {"uv": [0, 0, 3, 0], "rotation": 90, "texture": "#missing"},
				"down": {"uv": [0, 0, 3, 0], "rotation": 270, "texture": "#missing"}
			}
		},
		{
			"from": [4, -0.5, 10.25],
			"to": [11, 10, 10.25],
			"rotation": {"angle": 0, "axis": "y", "origin": [8, 0, 10.25]},
			"faces": {
				"north": {"uv": [4, 0, 8, 6], "texture": "#3"},
				"east": {"uv": [0, 0, 0, 4.5], "texture": "#missing"},
				"south": {"uv": [8, 0, 4, 6], "texture": "#3"},
				"west": {"uv": [0, 0, 0, 4.5], "texture": "#missing"},
				"up": {"uv": [0, 0, 3, 0], "texture": "#missing"},
				"down": {"uv": [0, 0, 3, 0], "texture": "#missing"}
			}
		},
		{
			"from": [4, -0.5, 5.75],
			"to": [11, 10, 5.75],
			"rotation": {"angle": 0, "axis": "y", "origin": [8, 0, 5.75]},
			"faces": {
				"north": {"uv": [4, 0, 8, 6], "texture": "#3"},
				"east": {"uv": [0, 0, 0, 4.5], "texture": "#missing"},
				"south": {"uv": [8, 0, 4, 6], "texture": "#3"},
				"west": {"uv": [0, 0, 0, 4.5], "texture": "#missing"},
				"up": {"uv": [0, 0, 3, 0], "texture": "#missing"},
				"down": {"uv": [0, 0, 3, 0], "texture": "#missing"}
			}
		},
		{
			"from": [5, 1.25, 6.25],
			"to": [10.5, 8.75, 9.75],
			"rotation": {"angle": 0, "axis": "y", "origin": [6.75, 1.25, 7]},
			"faces": {
				"north": {"uv": [6, 3, 9, 11], "texture": "#1", "tintindex": 0},
				"east": {"uv": [3, 3, 6, 11], "texture": "#1", "tintindex": 0},
				"south": {"uv": [6, 3, 9, 11], "texture": "#1", "tintindex": 0},
				"west": {"uv": [3, 3, 6, 11], "texture": "#1", "tintindex": 0},
				"up": {"uv": [6, 3, 3, 0], "texture": "#1", "tintindex": 0},
				"down": {"uv": [9, 0, 6, 3], "texture": "#1", "tintindex": 0}
			}
		},
		{
			"from": [5.25, 1.5, 6.5],
			"to": [10.25, 8.5, 9.5],
			"rotation": {"angle": 0, "axis": "y", "origin": [6.75, 1.25, 7]},
			"faces": {
				"north": {"uv": [6, 3, 9, 11], "rotation": 180, "texture": "#1", "tintindex": 0},
				"east": {"uv": [3, 3, 6, 11], "rotation": 180, "texture": "#1", "tintindex": 0},
				"south": {"uv": [6, 3, 9, 11], "rotation": 180, "texture": "#1", "tintindex": 0},
				"west": {"uv": [3, 3, 6, 11], "rotation": 180, "texture": "#1", "tintindex": 0},
				"up": {"uv": [6, 3, 3, 0], "texture": "#1", "tintindex": 0},
				"down": {"uv": [9, 0, 6, 3], "texture": "#1", "tintindex": 0}
			}
		},
		{
			"from": [4.75, 1, 6],
			"to": [10.75, 10, 10],
			"rotation": {"angle": 0, "axis": "y", "origin": [6.75, 1, 7]},
			"faces": {
				"north": {"uv": [4, 2, 7, 6.5], "texture": "#2"},
				"east": {"uv": [2, 2, 4, 6.5], "texture": "#2"},
				"south": {"uv": [4, 2, 7, 6.5], "texture": "#2"},
				"west": {"uv": [2, 2, 4, 6.5], "texture": "#2"},
				"up": {"uv": [4, 2, 1, 0], "texture": "#2"},
				"down": {"uv": [7, 6.5, 4, 8.5], "texture": "#2"}
			}
		},
		{
			"from": [6.75, 10, 7],
			"to": [8.75, 12, 9],
			"rotation": {"angle": 0, "axis": "y", "origin": [6.75, 10, 7]},
			"faces": {
				"north": {"uv": [2, 6.5, 3, 7.5], "texture": "#2"},
				"east": {"uv": [1, 6.5, 2, 7.5], "texture": "#2"},
				"south": {"uv": [2, 6.5, 3, 7.5], "texture": "#2"},
				"west": {"uv": [1, 6.5, 2, 7.5], "texture": "#2"},
				"up": {"uv": [2, 7.5, 1, 6.5], "texture": "#2"},
				"down": {"uv": [3, 6.5, 2, 7.5], "texture": "#2"}
			}
		},
		{
			"from": [6.25, 12, 6.5],
			"to": [9.25, 13, 9.5],
			"rotation": {"angle": 0, "axis": "y", "origin": [6.75, 9, 7]},
			"faces": {
				"north": {"uv": [7.5, 1.5, 9, 2], "texture": "#2"},
				"east": {"uv": [9, 1.5, 10.5, 2], "texture": "#2"},
				"south": {"uv": [7.5, 1.5, 9, 2], "texture": "#2"},
				"west": {"uv": [9, 1.5, 10.5, 2], "texture": "#2"},
				"up": {"uv": [9, 1.5, 7.5, 0], "texture": "#2"},
				"down": {"uv": [10.5, 0, 9, 1.5], "texture": "#2"}
			}
		}
	],
	"display": {
		"thirdperson_righthand": {
			"rotation": [45.25, 0, 0],
			"translation": [0, 3.25, 3.25],
			"scale": [0.9, 0.9, 0.9]
		},
		"thirdperson_lefthand": {
			"rotation": [45.25, 0, 0],
			"translation": [0, 3.25, 3.25],
			"scale": [0.9, 0.9, 0.9]
		},
		"firstperson_righthand": {
			"rotation": [1.67, -0.95, 19.52],
			"translation": [-1.5, 6.25, 1.5],
			"scale": [0.8, 0.8, 0.8]
		},
		"firstperson_lefthand": {
			"rotation": [1.67, -0.95, 19.52],
			"translation": [-1.5, 6.25, 1.5],
			"scale": [0.8, 0.8, 0.7]
		},
		"ground": {
			"translation": [0, 3.25, 0],
			"scale": [0.8, 0.8, 0.8]
		},
		"gui": {
			"rotation": [30, 45, 0],
			"translation": [0, 0.75, 0],
			"scale": [1, 0.85, 0.95]
		},
		"fixed": {
			"rotation": [-90, 90, 0],
			"translation": [0, 0, -11.75],
			"scale": [1.5, 1.5, 1.5]
		}
	},
	"groups": [
		{
			"name": "group",
			"origin": [8, 8, 8],
			"color": 0,
			"children": [0, 1, 2, 3, 4]
		},
		{
			"name": "group",
			"origin": [7, 8, 7],
			"color": 0,
			"children": [5, 6, 7, 8, 9]
		}
	]
}