{
	"credit": "Made by DinoBrik",
	"texture_size": [32, 32],
	"textures": {
		"0": "item/roscuro_bottle_glass",
		"3": "item/roscuro_bottle_liquid",
		"particle": "item/roscuro_bottle_glass"
	},
	"elements": [
		{
			"from": [4.25, 4, 6.25],
			"to": [11.75, 8.25, 9.75],
			"rotation": {"angle": 0, "axis": "y", "origin": [7, 4.75, 7]},
			"faces": {
				"north": {"uv": [0, 0, 3.75, 2.25], "texture": "#3", "tintindex": 0},
				"east": {"uv": [0, 7, 1.75, 9.25], "texture": "#3", "tintindex": 0},
				"south": {"uv": [0, 0, 3.75, 2.25], "texture": "#3", "tintindex": 0},
				"west": {"uv": [0, 7, 1.75, 9.25], "texture": "#3", "tintindex": 0},
				"up": {"uv": [7.75, 1.75, 4, 0], "texture": "#3", "tintindex": 0},
				"down": {"uv": [5.5, 9, 1.75, 10.75], "texture": "#3", "tintindex": 0}
			}
		},
		{
			"from": [0.25, 7.25, 7.25],
			"to": [4.25, 8.25, 8.75],
			"rotation": {"angle": 0, "axis": "y", "origin": [7, 4.75, 7]},
			"faces": {
				"north": {"uv": [4.75, 4, 6.75, 4.5], "texture": "#3", "tintindex": 0},
				"east": {"uv": [3, 5, 3.75, 5.5], "texture": "#3", "tintindex": 0},
				"south": {"uv": [4, 4, 6, 4.5], "texture": "#3", "tintindex": 0},
				"west": {"uv": [7, 10, 7.75, 10.5], "texture": "#3", "tintindex": 0},
				"up": {"uv": [11.5, 4.75, 9.5, 4], "texture": "#3", "tintindex": 0},
				"down": {"uv": [7, 9.5, 5, 10.25], "texture": "#3", "tintindex": 0}
			}
		},
		{
			"from": [0.25, 4.25, 7.25],
			"to": [5.25, 7.25, 8.75],
			"rotation": {"angle": 0, "axis": "y", "origin": [7, 4.75, 7]},
			"faces": {
				"north": {"uv": [4.25, 4.5, 6.75, 6], "texture": "#3", "tintindex": 0},
				"east": {"uv": [10, 1, 10.75, 2.5], "texture": "#3", "tintindex": 0},
				"south": {"uv": [4, 4.5, 6.5, 6], "texture": "#3", "tintindex": 0},
				"west": {"uv": [7, 10.5, 7.75, 12], "texture": "#3", "tintindex": 0},
				"up": {"uv": [11.5, 8.25, 9, 7.5], "texture": "#3", "tintindex": 0},
				"down": {"uv": [11.5, 8.5, 9, 9.25], "texture": "#3", "tintindex": 0}
			}
		},
		{
			"from": [11.75, 7.25, 7.25],
			"to": [15.75, 8.25, 8.75],
			"rotation": {"angle": 0, "axis": "y", "origin": [17.5, 4.75, 7]},
			"faces": {
				"north": {"uv": [4, 4, 6, 4.5], "texture": "#3", "tintindex": 0},
				"east": {"uv": [7, 10, 7.75, 10.5], "texture": "#3", "tintindex": 0},
				"south": {"uv": [4.75, 4, 6.75, 4.5], "texture": "#3", "tintindex": 0},
				"west": {"uv": [2, 7.5, 2.75, 8], "texture": "#3", "tintindex": 0},
				"up": {"uv": [11.5, 4.75, 9.5, 4], "texture": "#3", "tintindex": 0},
				"down": {"uv": [12, 0, 10, 0.75], "texture": "#3", "tintindex": 0}
			}
		},
		{
			"from": [10.75, 4.25, 7.25],
			"to": [15.75, 7.25, 8.75],
			"rotation": {"angle": 0, "axis": "y", "origin": [17.5, 4.75, 7]},
			"faces": {
				"north": {"uv": [4, 4.5, 6.5, 6], "texture": "#3", "tintindex": 0},
				"east": {"uv": [7, 10.5, 7.75, 12], "texture": "#3", "tintindex": 0},
				"south": {"uv": [4.25, 4.5, 6.75, 6], "texture": "#3", "tintindex": 0},
				"west": {"uv": [0, 10.5, 0.75, 12], "texture": "#3", "tintindex": 0},
				"up": {"uv": [2.5, 10.25, 0, 9.5], "texture": "#3", "tintindex": 0},
				"down": {"uv": [11.5, 8.5, 9, 9.25], "texture": "#3", "tintindex": 0}
			}
		},
		{
			"from": [6.5, 13, 6.5],
			"to": [9.5, 14, 9.5],
			"rotation": {"angle": 0, "axis": "y", "origin": [7, 10, 7]},
			"faces": {
				"north": {"uv": [12.75, 15.25, 14.25, 15.75], "texture": "#0"},
				"east": {"uv": [14.25, 15.25, 15.75, 15.75], "texture": "#0"},
				"south": {"uv": [12.75, 15.25, 14.25, 15.75], "texture": "#0"},
				"west": {"uv": [14.25, 15.25, 15.75, 15.75], "texture": "#0"},
				"up": {"uv": [14.25, 15.25, 12.75, 13.75], "texture": "#0"},
				"down": {"uv": [15.75, 13.75, 14.25, 15.25], "texture": "#0"}
			}
		},
		{
			"from": [7, 9, 7],
			"to": [9, 13, 9],
			"rotation": {"angle": 0, "axis": "y", "origin": [7, 9, 7]},
			"faces": {
				"north": {"uv": [13.5, 11.5, 14.5, 13.5], "texture": "#0"},
				"east": {"uv": [15.5, 11.5, 14.5, 13.5], "texture": "#0"},
				"south": {"uv": [13.5, 11.5, 14.5, 13.5], "texture": "#0"},
				"west": {"uv": [15.5, 11.5, 14.5, 13.5], "texture": "#0"},
				"up": {"uv": [15.5, 11.5, 14.5, 10.5], "texture": "#0"},
				"down": {"uv": [14.5, 10.5, 13.5, 11.5], "texture": "#0"}
			}
		},
		{
			"from": [4, 3.75, 6],
			"to": [12, 9, 10],
			"rotation": {"angle": 0, "axis": "y", "origin": [7, 0, 7]},
			"faces": {
				"north": {"uv": [0, 3, 4, 5.75], "texture": "#0"},
				"east": {"uv": [9, 8, 11, 10.75], "texture": "#0"},
				"south": {"uv": [4, 3, 0, 5.75], "texture": "#0"},
				"west": {"uv": [9, 8, 11, 10.75], "texture": "#0"},
				"up": {"uv": [10, 8, 6, 6], "texture": "#0"},
				"down": {"uv": [11, 0, 7, 2], "texture": "#0"}
			}
		},
		{
			"from": [10, 4, 7],
			"to": [16, 10, 9],
			"rotation": {"angle": 0, "axis": "y", "origin": [12, 3, 7]},
			"faces": {
				"north": {"uv": [4, 3, 7, 6], "texture": "#0"},
				"east": {"uv": [8, 10, 9, 13], "texture": "#0"},
				"south": {"uv": [4, 0, 7, 3], "texture": "#0"},
				"west": {"uv": [7, 10, 8, 13], "texture": "#0"},
				"up": {"uv": [10, 7, 13, 6], "texture": "#0"},
				"down": {"uv": [13, 7, 10, 8], "texture": "#0"}
			}
		},
		{
			"from": [0, 4, 7],
			"to": [6, 10, 9],
			"rotation": {"angle": 0, "axis": "y", "origin": [2, 3, 7]},
			"faces": {
				"north": {"uv": [4, 0, 7, 3], "texture": "#0"},
				"east": {"uv": [7, 10, 8, 13], "texture": "#0"},
				"south": {"uv": [4, 3, 7, 6], "texture": "#0"},
				"west": {"uv": [8, 10, 9, 13], "texture": "#0"},
				"up": {"uv": [13, 7, 10, 6], "texture": "#0"},
				"down": {"uv": [10, 7, 13, 8], "texture": "#0"}
			}
		}
	],
	"display": {
		"thirdperson_righthand": {
			"rotation": [45.25, 0, 0],
			"translation": [0, 2.75, 3.75],
			"scale": [0.85, 0.85, 0.85]
		},
		"thirdperson_lefthand": {
			"rotation": [45.25, 0, 0],
			"translation": [0, 2.75, 3.75],
			"scale": [0.85, 0.85, 0.85]
		},
		"firstperson_righthand": {
			"rotation": [61.94, -70.36, 67.48],
			"translation": [-1.25, 5, 1.75],
			"scale": [0.6, 0.7, 0.7]
		},
		"firstperson_lefthand": {
			"rotation": [71.24, -71.22, 79.46],
			"translation": [-1.25, 5, 1.75],
			"scale": [0.6, 0.7, 0.7]
		},
		"ground": {
			"translation": [0, 1.25, 0],
			"scale": [0.8, 0.8, 0.8]
		},
		"gui": {
			"rotation": [30, 225, 0],
			"scale": [0.95, 0.95, 0.95]
		},
		"fixed": {
			"rotation": [-90, 90, 0],
			"translation": [0, 0, -7.75],
			"scale": [2, 2, 2]
		}
	},
	"groups": [
		{
			"name": "liquor",
			"origin": [2, 3, 7],
			"color": 0,
			"children": [0, 1, 2, 3, 4]
		},
		{
			"name": "group",
			"origin": [7, 0, 7],
			"color": 0,
			"children": [5, 6, 7, 8, 9]
		}
	]
}