{
	"credit": "Made by DinoBrik",
	"textures": {
		"0": "item/tequila_skull_glass",
		"1": "item/tequila_skull_liquid",
		"particle": "item/tequila_skull_glass"
	},
	"elements": [
		{
			"from": [6.5, 8, 6.5],
			"to": [9.5, 9, 9.5],
			"rotation": {"angle": 0, "axis": "y", "origin": [9, 5, 9]},
			"faces": {
				"north": {"uv": [7, 6.5, 8.5, 7], "texture": "#0"},
				"east": {"uv": [7, 6.5, 8.5, 7], "texture": "#0"},
				"south": {"uv": [7, 6.5, 8.5, 7], "texture": "#0"},
				"west": {"uv": [7, 6.5, 8.5, 7], "texture": "#0"},
				"up": {"uv": [3.5, 3.75, 2, 2.25], "rotation": 180, "texture": "#0"},
				"down": {"uv": [5.5, 2, 4, 3.5], "rotation": 180, "texture": "#0"}
			}
		},
		{
			"from": [6, 1, 6.75],
			"to": [10, 5, 10.75],
			"rotation": {"angle": 0, "axis": "x", "origin": [9, 0, 9]},
			"faces": {
				"north": {"uv": [2, 0, 4, 2], "texture": "#0"},
				"east": {"uv": [2, 2, 0, 4], "texture": "#0"},
				"south": {"uv": [0, 0, 2, 2], "texture": "#0"},
				"west": {"uv": [0, 2, 2, 4], "texture": "#0"},
				"up": {"uv": [2, 6, 0, 4], "rotation": 180, "texture": "#0"},
				"down": {"uv": [6, 0, 4, 2], "rotation": 180, "texture": "#0"}
			}
		},
		{
			"from": [6, 1, 6],
			"to": [10, 2, 6.75],
			"rotation": {"angle": 0, "axis": "y", "origin": [9, 0, 9]},
			"faces": {
				"north": {"uv": [6, 1.5, 8, 2], "texture": "#0"},
				"east": {"uv": [4.5, 3.5, 5, 4], "texture": "#0"},
				"south": {"uv": [6, 1, 8, 1.5], "texture": "#0"},
				"west": {"uv": [4, 3.5, 4.5, 4], "texture": "#0"},
				"up": {"uv": [8, 5.5, 6, 5], "rotation": 180, "texture": "#0"},
				"down": {"uv": [8, 5.5, 6, 6], "rotation": 180, "texture": "#0"}
			}
		},
		{
			"from": [6, 4, 6],
			"to": [10, 5, 6.75],
			"rotation": {"angle": 0, "axis": "y", "origin": [9, 3, 9]},
			"faces": {
				"north": {"uv": [6.5, 2, 8.5, 2.5], "texture": "#0"},
				"east": {"uv": [2, 7.5, 2.5, 8], "texture": "#0"},
				"south": {"uv": [6, 6, 8, 6.5], "texture": "#0"},
				"west": {"uv": [1.5, 7.5, 2, 8], "texture": "#0"},
				"up": {"uv": [8.5, 3, 6.5, 2.5], "rotation": 180, "texture": "#0"},
				"down": {"uv": [8.5, 3, 6.5, 3.5], "rotation": 180, "texture": "#0"}
			}
		},
		{
			"from": [9.5, 2, 6],
			"to": [10, 4, 6.75],
			"rotation": {"angle": 0, "axis": "y", "origin": [9, 2, 9]},
			"faces": {
				"north": {"uv": [7.5, 3.5, 7.75, 4.5], "texture": "#0"},
				"east": {"uv": [3, 7, 3.5, 8], "texture": "#0"},
				"south": {"uv": [2.5, 7.5, 2.75, 8.5], "texture": "#0"},
				"west": {"uv": [1.5, 6, 2, 7], "texture": "#0"},
				"up": {"uv": [6.25, 8, 6, 7.5], "rotation": 180, "texture": "#0"},
				"down": {"uv": [6.75, 7.5, 6.5, 8], "rotation": 180, "texture": "#0"}
			}
		},
		{
			"from": [6, 2, 6],
			"to": [6.5, 4, 6.75],
			"rotation": {"angle": 0, "axis": "y", "origin": [6, 2, 9]},
			"faces": {
				"north": {"uv": [4.5, 7.5, 4.75, 8.5], "texture": "#0"},
				"east": {"uv": [7, 7, 7.5, 8], "texture": "#0"},
				"south": {"uv": [4, 7.5, 4.25, 8.5], "texture": "#0"},
				"west": {"uv": [3.5, 7, 4, 8], "texture": "#0"},
				"up": {"uv": [7.75, 7.5, 7.5, 7], "rotation": 180, "texture": "#0"},
				"down": {"uv": [7.75, 7.5, 7.5, 8], "rotation": 180, "texture": "#0"}
			}
		},
		{
			"from": [7.5, 2, 6],
			"to": [8.5, 4, 6.75],
			"rotation": {"angle": 0, "axis": "y", "origin": [7.75, 2, 9]},
			"faces": {
				"north": {"uv": [0.5, 7.5, 1, 8.5], "texture": "#0"},
				"east": {"uv": [1, 7.5, 1.5, 8.5], "texture": "#0"},
				"south": {"uv": [0, 7.5, 0.5, 8.5], "texture": "#0"},
				"west": {"uv": [7.5, 0, 8, 1], "texture": "#0"},
				"up": {"uv": [5.5, 8, 5, 7.5], "rotation": 180, "texture": "#0"},
				"down": {"uv": [6, 7.5, 5.5, 8], "rotation": 180, "texture": "#0"}
			}
		},
		{
			"from": [6.75, -0.5, 6],
			"to": [9.25, 1, 9],
			"rotation": {"angle": 0, "axis": "x", "origin": [9, -2, 9]},
			"faces": {
				"north": {"uv": [4, 6.5, 5.25, 7.25], "texture": "#0"},
				"east": {"uv": [6, 0, 7.5, 0.75], "texture": "#0"},
				"south": {"uv": [4, 6.5, 5.25, 7.25], "texture": "#0"},
				"west": {"uv": [6, 0, 7.5, 0.75], "texture": "#0"},
				"up": {"uv": [4.75, 5.5, 3.5, 4], "rotation": 180, "texture": "#0"},
				"down": {"uv": [6.25, 3.5, 5, 5], "rotation": 180, "texture": "#0"}
			}
		},
		{
			"from": [7, 5, 7],
			"to": [9, 8, 9],
			"rotation": {"angle": 0, "axis": "y", "origin": [9, 4, 9]},
			"faces": {
				"north": {"uv": [5.5, 2, 6.5, 3.5], "texture": "#0"},
				"east": {"uv": [2, 5.5, 3, 7], "texture": "#0"},
				"south": {"uv": [5.5, 2, 6.5, 3.5], "texture": "#0"},
				"west": {"uv": [2, 5.5, 3, 7], "texture": "#0"},
				"up": {"uv": [5, 6.5, 4, 5.5], "rotation": 180, "texture": "#0"},
				"down": {"uv": [7.5, 3.5, 6.5, 4.5], "rotation": 180, "texture": "#0"}
			}
		},
		{
			"from": [6.25, 1.25, 6.25],
			"to": [9.75, 4.25, 10.5],
			"rotation": {"angle": 0, "axis": "x", "origin": [9, 0.25, 9]},
			"faces": {
				"north": {"uv": [8, 0, 11.5, 3], "texture": "#1", "tintindex": 0},
				"east": {"uv": [5, 5, 9.5, 8], "texture": "#1", "tintindex": 0},
				"south": {"uv": [0, 8, 3.5, 11], "texture": "#1", "tintindex": 0},
				"west": {"uv": [0, 5, 4.5, 8], "texture": "#1", "tintindex": 0},
				"up": {"uv": [3.5, 4.5, 0, 0], "rotation": 180, "texture": "#1", "tintindex": 0},
				"down": {"uv": [7.5, 0, 4, 4.5], "rotation": 180, "texture": "#1", "tintindex": 0}
			}
		},
		{
			"from": [7, -0.25, 6.25],
			"to": [9, 1.25, 8.75],
			"rotation": {"angle": 0, "axis": "x", "origin": [9, -1, 9]},
			"faces": {
				"north": {"uv": [8, 10, 10, 11.5], "texture": "#1", "tintindex": 0},
				"east": {"uv": [8, 8, 10.5, 9.5], "texture": "#1", "tintindex": 0},
				"south": {"uv": [10, 5, 12, 6.5], "texture": "#1", "tintindex": 0},
				"west": {"uv": [8, 3, 10.5, 4.5], "texture": "#1", "tintindex": 0},
				"up": {"uv": [6, 10.5, 4, 8], "rotation": 180, "texture": "#1", "tintindex": 0},
				"down": {"uv": [8, 8, 6, 10.5], "rotation": 180, "texture": "#1", "tintindex": 0}
			}
		}
	],
	"display": {
		"thirdperson_righthand": {
			"rotation": [45.25, 0, 0],
			"translation": [0, 5, 5.25],
			"scale": [0.8, 0.8, 0.8]
		},
		"thirdperson_lefthand": {
			"rotation": [45.25, 0, 0],
			"translation": [0, 5, 5.25],
			"scale": [0.8, 0.8, 0.8]
		},
		"firstperson_righthand": {
			"rotation": [-173.74, 16.94, 154.87],
			"translation": [-1.25, 7.25, 0.5],
			"scale": [0.75, 0.75, 0.75]
		},
		"firstperson_lefthand": {
			"rotation": [167.07, 18.45, 161.77],
			"translation": [-1.5, 7.5, 0.5],
			"scale": [0.7, 0.7, 0.6]
		},
		"ground": {
			"rotation": [28.38, -1.66, -0.32],
			"translation": [0, 2.75, 1.25],
			"scale": [0.75, 0.75, 0.75]
		},
		"gui": {
			"rotation": [30, 225, 0],
			"translation": [0, 4, 0],
			"scale": [1.3, 1.3, 1.3]
		},
		"fixed": {
			"rotation": [0, 59.5, -90],
			"translation": [5.5, 0, -13.25],
			"scale": [1.9, 1.9, 1.9]
		}
	},
	"groups": [
		{
			"name": "glass",
			"origin": [7, 4, 7],
			"color": 0,
			"children": [0, 1, 2, 3, 4, 5, 6, 7, 8]
		},
		{
			"name": "liquid",
			"origin": [8, 8, 8],
			"color": 0,
			"children": [9, 10]
		}
	]
}