{
	"credit": "Made by DinoBrik",
	"texture_size": [32, 32],
	"textures": {
		"1": "item/bottle_liquid",
		"2": "item/bottle_glass_elven",
		"particle": "item/bottle_glass_elven"
	},
	"elements": [
		{
			"from": [6.25, 0.25, 6.25],
			"to": [9.75, 8.25, 9.75],
			"rotation": {"angle": 0, "axis": "y", "origin": [7, 0.25, 7]},
			"faces": {
				"north": {"uv": [6, 3, 9, 11], "texture": "#1", "tintindex": 0},
				"east": {"uv": [3, 3, 6, 11], "texture": "#1", "tintindex": 0},
				"south": {"uv": [6, 3, 9, 11], "texture": "#1", "tintindex": 0},
				"west": {"uv": [3, 3, 6, 11], "texture": "#1", "tintindex": 0},
				"up": {"uv": [6, 3, 3, 0], "texture": "#1", "tintindex": 0},
				"down": {"uv": [9, 0, 6, 3], "texture": "#1", "tintindex": 0}
			}
		},
		{
			"from": [6, 0, 6],
			"to": [10, 9, 10],
			"rotation": {"angle": 0, "axis": "y", "origin": [7, 0, 7]},
			"faces": {
				"north": {"uv": [2, 2, 4, 6.5], "texture": "#2"},
				"east": {"uv": [4, 2, 6, 6.5], "texture": "#2"},
				"south": {"uv": [2, 2, 4, 6.5], "texture": "#2"},
				"west": {"uv": [4, 2, 6, 6.5], "texture": "#2"},
				"up": {"uv": [4, 2, 2, 0], "texture": "#2"},
				"down": {"uv": [6, 0, 4, 2], "texture": "#2"}
			}
		},
		{
			"from": [7, 9, 7],
			"to": [9, 13, 9],
			"rotation": {"angle": 0, "axis": "y", "origin": [7, 9, 7]},
			"faces": {
				"north": {"uv": [2, 7.5, 3, 9.5], "texture": "#2"},
				"east": {"uv": [1, 7.5, 2, 9.5], "texture": "#2"},
				"south": {"uv": [2, 7.5, 3, 9.5], "texture": "#2"},
				"west": {"uv": [1, 7.5, 2, 9.5], "texture": "#2"},
				"up": {"uv": [2, 7.5, 1, 6.5], "texture": "#2"},
				"down": {"uv": [3, 6.5, 2, 7.5], "texture": "#2"}
			}
		},
		{
			"from": [6.5, 13, 6.5],
			"to": [9.5, 14, 9.5],
			"rotation": {"angle": 0, "axis": "y", "origin": [7, 10, 7]},
			"faces": {
				"north": {"uv": [7.5, 1.5, 9, 2], "texture": "#2"},
				"east": {"uv": [9, 1.5, 10.5, 2], "texture": "#2"},
				"south": {"uv": [7.5, 1.5, 9, 2], "texture": "#2"},
				"west": {"uv": [9, 1.5, 10.5, 2], "texture": "#2"},
				"up": {"uv": [9, 1.5, 7.5, 0], "texture": "#2"},
				"down": {"uv": [10.5, 0, 9, 1.5], "texture": "#2"}
			}
		}
	],
	"display": {
		"thirdperson_righthand": {
			"rotation": [45.25, 0, 0],
			"translation": [0, 3.25, 3.25],
			"scale": [0.9, 0.9, 0.9]
		},
		"thirdperson_lefthand": {
			"rotation": [45.25, 0, 0],
			"translation": [0, 3.25, 3.25],
			"scale": [0.9, 0.9, 0.9]
		},
		"firstperson_righthand": {
			"rotation": [1.67, -0.95, 19.52],
			"translation": [-1.5, 6.25, 1.5],
			"scale": [0.8, 0.8, 0.8]
		},
		"firstperson_lefthand": {
			"rotation": [1.67, -0.95, 19.52],
			"translation": [-1.5, 6.25, 1.5],
			"scale": [0.8, 0.8, 0.7]
		},
		"ground": {
			"translation": [0, 3.25, 0],
			"scale": [0.8, 0.8, 0.8]
		},
		"gui": {
			"rotation": [30, 225, 0],
			"translation": [0, 1.25, 0]
		},
		"fixed": {
			"rotation": [-90, 90, 0],
			"translation": [0, 0, -11.75],
			"scale": [1.5, 1.5, 1.5]
		}
	}
}