{
  "model": {
    "type": "select",
    "property": "custom_model_data",
    "fallback": {
      "type": "model",
      "model": "item/music_disc_13"
    },
    "cases": [
      {
        "when": "bulow0",
        "model": {
          "type": "model",
          "model": "item/bulow0"
        }
      },
      {
        "when": "propane_nightmares1",
        "model": {
          "type": "model",
          "model": "item/propane_nightmares1"
        }
      },
      {
        "when": "side_effects2",
        "model": {
          "type": "model",
          "model": "item/side_effects2"
        }
      }
    ]
  }
}