{
	"credit": "Made by DinoBrik",
	"textures": {
		"0": "item/barrel_side2",
		"1": "item/mug_overlay",
		"particle": "item/barrel_side2"
	},
	"elements": [
		{
			"from": [5.25, 0, 10],
			"to": [10.75, 6, 10.75],
			"rotation": {"angle": 0, "axis": "y", "origin": [5, 0, 5]},
			"faces": {
				"north": {"uv": [0, 0, 6, 6], "texture": "#0"},
				"east": {"uv": [12, 7, 13, 14], "texture": "#0"},
				"south": {"uv": [8, 7, 15, 14], "texture": "#0"},
				"west": {"uv": [3, 7, 4, 14], "texture": "#0"},
				"up": {"uv": [4, 7, 11, 8], "texture": "#0"},
				"down": {"uv": [0, 0, 6, 1], "texture": "#0"}
			}
		},
		{
			"from": [7, 4, 10.75],
			"to": [9, 5, 11.75],
			"rotation": {"angle": 0, "axis": "y", "origin": [5, 0, 4.75]},
			"faces": {
				"north": {"uv": [0, 0, 2, 1], "texture": "#0"},
				"east": {"uv": [0, 0, 1, 1], "texture": "#0"},
				"south": {"uv": [0, 0, 2, 1], "texture": "#0"},
				"west": {"uv": [0, 0, 1, 1], "texture": "#0"},
				"up": {"uv": [0, 0, 2, 1], "texture": "#0"},
				"down": {"uv": [0, 0, 2, 1], "texture": "#0"}
			}
		},
		{
			"from": [7, 1, 10.75],
			"to": [9, 2, 11.75],
			"rotation": {"angle": 0, "axis": "y", "origin": [5, -3, 4.75]},
			"faces": {
				"north": {"uv": [0, 0, 2, 1], "texture": "#0"},
				"east": {"uv": [8, 3, 9, 4], "texture": "#0"},
				"south": {"uv": [0, 0, 2, 1], "texture": "#0"},
				"west": {"uv": [0, 3, 1, 4], "texture": "#0"},
				"up": {"uv": [7, 3, 9, 4], "texture": "#0"},
				"down": {"uv": [5, 4, 7, 5], "texture": "#0"}
			}
		},
		{
			"from": [7, 1, 11.75],
			"to": [9, 5, 12.75],
			"rotation": {"angle": 0, "axis": "y", "origin": [5, 0, 5.75]},
			"faces": {
				"north": {"uv": [0, 0, 2, 4], "texture": "#0"},
				"east": {"uv": [0, 0, 1, 4], "texture": "#0"},
				"south": {"uv": [0, 0, 2, 5], "texture": "#0"},
				"west": {"uv": [0, 0, 1, 4], "texture": "#0"},
				"up": {"uv": [0, 0, 2, 1], "texture": "#0"},
				"down": {"uv": [3, 4, 5, 5], "texture": "#0"}
			}
		},
		{
			"from": [10, 0, 6],
			"to": [10.75, 6, 10],
			"rotation": {"angle": 0, "axis": "y", "origin": [5, 0, 5]},
			"faces": {
				"north": {"uv": [0, 7, 1, 14], "texture": "#0"},
				"east": {"uv": [5, 7, 10, 14], "texture": "#0"},
				"south": {"uv": [0, 0, 1, 6], "texture": "#0"},
				"west": {"uv": [5, 7, 10, 14], "texture": "#0"},
				"up": {"uv": [1, 6, 6, 7], "rotation": 90, "texture": "#0"},
				"down": {"uv": [7, 6, 11, 7], "rotation": 90, "texture": "#0"}
			}
		},
		{
			"from": [5.25, 0, 6],
			"to": [6, 6, 10],
			"rotation": {"angle": 0, "axis": "y", "origin": [0, 0, 5]},
			"faces": {
				"north": {"uv": [0, 7, 1, 14], "texture": "#0"},
				"east": {"uv": [5, 7, 10, 14], "texture": "#0"},
				"south": {"uv": [0, 0, 1, 6], "texture": "#0"},
				"west": {"uv": [5, 7, 10, 14], "texture": "#0"},
				"up": {"uv": [1, 6, 6, 7], "rotation": 90, "texture": "#0"},
				"down": {"uv": [6, 0, 11, 1], "rotation": 90, "texture": "#0"}
			}
		},
		{
			"from": [6, 0, 7],
			"to": [10, 1, 10],
			"rotation": {"angle": 0, "axis": "y", "origin": [0, 0, 5]},
			"faces": {
				"north": {"uv": [0, 0, 4, 1], "texture": "#0"},
				"east": {"uv": [0, 0, 4, 1], "texture": "#0"},
				"south": {"uv": [0, 0, 4, 1], "texture": "#0"},
				"west": {"uv": [0, 0, 4, 1], "texture": "#0"},
				"up": {"uv": [0, 0, 4, 4], "texture": "#0"},
				"down": {"uv": [9, 0, 14, 3], "texture": "#0"}
			}
		},
		{
			"from": [6, 0, 6],
			"to": [10, 1, 7],
			"rotation": {"angle": 0, "axis": "y", "origin": [0, 0, 5]},
			"faces": {
				"north": {"uv": [0, 0, 4, 1], "texture": "#0"},
				"east": {"uv": [0, 0, 4, 1], "texture": "#0"},
				"south": {"uv": [0, 0, 4, 1], "texture": "#0"},
				"west": {"uv": [0, 0, 4, 1], "texture": "#0"},
				"up": {"uv": [0, 0, 4, 4], "texture": "#0"},
				"down": {"uv": [7, 5, 8, 10], "rotation": 90, "texture": "#0"}
			}
		},
		{
			"from": [5.25, 0, 5.25],
			"to": [10.75, 6, 6],
			"rotation": {"angle": 0, "axis": "y", "origin": [5, 0, 5]},
			"faces": {
				"north": {"uv": [0, 7, 7, 14], "texture": "#0"},
				"east": {"uv": [6, 7, 7, 14], "texture": "#0"},
				"south": {"uv": [0, 0, 6, 6], "texture": "#0"},
				"west": {"uv": [8, 7, 9, 14], "texture": "#0"},
				"up": {"uv": [0, 6, 7, 7], "texture": "#0"},
				"down": {"uv": [0, 0, 6, 1], "texture": "#0"}
			}
		},
		{
			"from": [6, 5.25, 6],
			"to": [10, 5.25, 10],
			"rotation": {"angle": 0, "axis": "y", "origin": [0, 0, 5]},
			"faces": {
				"north": {"uv": [0, 0, 4, 4], "texture": "#1"},
				"east": {"uv": [0, 4, 4, 8], "texture": "#1"},
				"south": {"uv": [4, 0, 8, 4], "texture": "#1"},
				"west": {"uv": [4, 4, 8, 8], "texture": "#1"},
				"up": {"uv": [6, 12, 0, 6], "texture": "#1", "tintindex": 0},
				"down": {"uv": [12, 0, 8, 4], "texture": "#1"}
			}
		},
		{
			"from": [6, 5.5, 6],
			"to": [10, 5.5, 10],
			"rotation": {"angle": 0, "axis": "y", "origin": [0, 0.25, 5]},
			"faces": {
				"north": {"uv": [0, 0, 4, 4], "texture": "#1"},
				"east": {"uv": [0, 4, 4, 8], "texture": "#1"},
				"south": {"uv": [4, 0, 8, 4], "texture": "#1"},
				"west": {"uv": [4, 4, 8, 8], "texture": "#1"},
				"up": {"uv": [12, 12, 6, 6], "rotation": 90, "texture": "#1", "tintindex": 0},
				"down": {"uv": [12, 0, 8, 4], "texture": "#1"}
			}
		}
	],
	"display": {
		"thirdperson_righthand": {
			"rotation": [35.25, 0, 0],
			"translation": [0, 5.75, 0.75]
		},
		"thirdperson_lefthand": {
			"rotation": [35.25, 0, 0],
			"translation": [0, 5.75, 0.75]
		},
		"firstperson_righthand": {
			"rotation": [-3.03, 11.69, 28.95],
			"translation": [-2.5, 6.5, 1.5],
			"scale": [0.8, 0.8, 0.8]
		},
		"firstperson_lefthand": {
			"rotation": [7.97, 16.67, 28.9],
			"translation": [1.75, 5.25, 0]
		},
		"ground": {
			"translation": [0, 3.75, 0]
		},
		"gui": {
			"rotation": [30, 225, 0],
			"translation": [0, 5.75, 0],
			"scale": [1.3, 1.3, 1.3]
		},
		"fixed": {
			"rotation": [-90, 90, 0],
			"translation": [0, 0, -13.75],
			"scale": [1.75, 1.75, 1.75]
		}
	},
	"groups": [
		{
			"name": "group",
			"origin": [5, 4, 1],
			"color": 0,
			"children": [0, 1, 2, 3, 4, 5, 6, 7, 8]
		},
		9,
		10
	]
}